Controller,.NET_Path,Java_Path,Status
Access,/Access/CreatePolicy,/Access/CreatePolicy,IMPLEMENTED
Access,/Access/GetAllPolicies,/Access/GetAllPolicies,IMPLEMENTED
Access,/Access/UpdatePolicy,/Access/UpdatePolicy,IMPLEMENTED
Access,/Access/DeletePolicy,/Access/DeletePolicy,IMPLEMENTED
Access,/Access/AddRole,/Access/AddRole,IMPLEMENTED
Access,/Access/GetAccessDetails,/Access/GetAccessDetails,IMPLEMENTED
Access,/Access/GetAllRoles,/Access/GetAllRoles,IMPLEMENTED
Access,/Access/GetAllModules,/Access/GetAllModules,IMPLEMENTED
Access,/Access/UpdateRole,/Access/UpdateRole,IMPLEMENTED
Access,/Access/DeleteRole,/Access/DeleteRole,IMPLEMENTED
Access,/Access/GetRole,/Access/GetRole,IMPLEMENTED
Access,/Access/GetAllRole,/Access/GetAllRole,IMPLEMENTED
Access,/Access/GetAccessRoles,/Access/GetAccessRoles,IMPLEMENTED
Access,/Access/GetAllPermissions,/Access/GetAllPermissions,IMPLEMENTED
Access,/Access/DDRole,/Access/DDRole,IMPLEMENTED
Access,/Access/AddModule,/Access/AddModule,IMPLEMENTED
Access,/Access/UpdateModule,/Access/UpdateModule,IMPLEMENTED
Access,/Access/DeleteModule,/Access/DeleteModule,IMPLEMENTED
Access,/Access/GetModule,/Access/GetModule,IMPLEMENTED
Access,/Access/GetAllModule,/Access/GetAllModule,IMPLEMENTED
Access,/Access/DDModule,/Access/DDModule,IMPLEMENTED
Access,/Access/AddSubModule,/Access/AddSubModule,IMPLEMENTED
Access,/Access/UpdateSubModule,/Access/UpdateSubModule,IMPLEMENTED
Access,/Access/DeleteSubModule,/Access/DeleteSubModule,IMPLEMENTED
Access,/Access/GetSubModule,/Access/GetSubModule,IMPLEMENTED
Access,/Access/GetAllSubModule,/Access/GetAllSubModule,IMPLEMENTED
Access,/Access/DDSubModule,/Access/DDSubModule,IMPLEMENTED
Access,/Access/AddPageModule,/Access/AddPageModule,IMPLEMENTED
Access,/Access/UpdatePageModule,/Access/UpdatePageModule,IMPLEMENTED
Access,/Access/DeletePageModule,/Access/DeletePageModule,IMPLEMENTED
Access,/Access/GetPageModule,/Access/GetPageModule,IMPLEMENTED
Access,/Access/GetAllPageModule,/Access/GetAllPageModule,IMPLEMENTED
Access,/Access/DDPageModule,/Access/DDPageModule,IMPLEMENTED
Access,/Access/AddDept,/Access/AddDept,IMPLEMENTED
Access,/Access/UpdateDept,/Access/UpdateDept,IMPLEMENTED
Access,/Access/DeleteDept,/Access/DeleteDept,IMPLEMENTED
Access,/Access/GetDept,/Access/GetDept,IMPLEMENTED
Access,/Access/GetAllDept,/Access/GetAllDept,IMPLEMENTED
Access,/Access/DDDept,/Access/DDDept,IMPLEMENTED
Access,/Access/DDAccess,/Access/DDAccess,IMPLEMENTED
Access,/Access/AddAccess,/Access/AddAccess,IMPLEMENTED
Access,/Access/DeleteAccess,/Access/DeleteAccess,IMPLEMENTED
Access,/Access/GetAccess,/Access/GetAccess,IMPLEMENTED
Access,/Access/GetAllAccess,/Access/GetAllAccess,IMPLEMENTED
Access,/Access/UpdateAccess,/Access/UpdateAccess,IMPLEMENTED
Access,/Access/GetAccesspolicy,/Access/GetAccesspolicy,IMPLEMENTED
Access,/Access/DDCompany,/Access/DDCompany,IMPLEMENTED
Access,/Access/DDEmployee,/Access/DDEmployee,IMPLEMENTED
Access,/Access/DDDepartmentEmployee,/Access/DDDepartmentEmployee,IMPLEMENTED
Access,/Access/DDDesignation,/Access/DDDesignation,IMPLEMENTED
Access,/Access/DDGrade,/Access/DDGrade,IMPLEMENTED
Attendance,/Attendance/GetAllAttendance,/Attendance/GetAllAttendance,IMPLEMENTED
Attendance,/Attendance/GetAttendanceByEmployee,/Attendance/GetAttendanceByEmployee,IMPLEMENTED
Attendance,/Attendance/GetAttendanceByDate,/Attendance/GetAttendanceByDate,IMPLEMENTED
Attendance,/Attendance/GetAttendanceByMonth,/Attendance/GetAttendanceByMonth,SKELETON
Attendance,/Attendance/GetAttendanceByQuarter,/Attendance/GetAttendanceByQuarter,SKELETON
Attendance,/Attendance/GetAttendanceYearly,/Attendance/GetAttendanceYearly,SKELETON
Attendance,/Attendance/ProcessAttendance,/Attendance/ProcessAttendance,IMPLEMENTED
Attendance,/Attendance/ManualAttendance,/Attendance/ManualAttendance,IMPLEMENTED
Attendance,/Attendance/GetAttendanceSummary,/Attendance/GetAttendanceSummary,IMPLEMENTED
Attendance,/Attendance/GetMonthlyAttendance,/Attendance/GetMonthlyAttendance,IMPLEMENTED
Attendance,/Attendance/GetAttendanceByMonthYear,/Attendance/GetAttendanceByMonthYear,IMPLEMENTED
Attendance,/Attendance/GetAttendanceByWeek,/Attendance/GetAttendanceByWeek,IMPLEMENTED
Attendance,/Attendance/GetAttendanceByDateRange,/Attendance/GetAttendanceByDateRange,IMPLEMENTED
Attendance,/Attendance/GetAttendanceByDepartment,/Attendance/GetAttendanceByDepartment,IMPLEMENTED
Attendance,/Attendance/GetOvertimeAttendance,/Attendance/GetOvertimeAttendance,IMPLEMENTED
Attendance,/Attendance/GetExceptionAttendance,/Attendance/GetExceptionAttendance,IMPLEMENTED
Attendance,/Attendance/GetAttendanceByLocation,/Attendance/GetAttendanceByLocation,IMPLEMENTED
Attendance,/Attendance/GetAttendanceByTeam,/Attendance/GetAttendanceByTeam,IMPLEMENTED
BusinessEntity,/BusinessEntity/DDCompany,/BusinessEntity/DDCompany,IMPLEMENTED
BusinessEntity,/BusinessEntity/DDLegalEntity,/BusinessEntity/DDLegalEntity,IMPLEMENTED
BusinessEntity,/BusinessEntity/DDBusinessUnit,/BusinessEntity/DDBusinessUnit,IMPLEMENTED
BusinessEntity,/BusinessEntity/DDLocation,/BusinessEntity/DDLocation,IMPLEMENTED
BusinessEntity,/BusinessEntity/GetAllCompany,/BusinessEntity/GetAllCompany,IMPLEMENTED
BusinessEntity,/BusinessEntity/AddCompany,/BusinessEntity/AddCompany,SKELETON
BusinessEntity,/BusinessEntity/UpdateCompany,/BusinessEntity/UpdateCompany,SKELETON
BusinessEntity,/BusinessEntity/DeleteCompany,/BusinessEntity/DeleteCompany,SKELETON
BusinessEntity,/BusinessEntity/GetCompany,/BusinessEntity/GetCompany,SKELETON
BusinessEntity,/BusinessEntity/GetAllLegalEntity,/BusinessEntity/GetAllLegalEntity,IMPLEMENTED
BusinessEntity,/BusinessEntity/AddLegalEntity,/BusinessEntity/AddLegalEntity,SKELETON
BusinessEntity,/BusinessEntity/UpdateLegalEntity,/BusinessEntity/UpdateLegalEntity,SKELETON
BusinessEntity,/BusinessEntity/DeleteLegalEntity,/BusinessEntity/DeleteLegalEntity,SKELETON
BusinessEntity,/BusinessEntity/GetLegalEntity,/BusinessEntity/GetLegalEntity,SKELETON
BusinessEntity,/BusinessEntity/GetAllLocation,/BusinessEntity/GetAllLocation,IMPLEMENTED
Dashboard,/Dashboard/GetEmployeeEvents,/Dashboard/GetEmployeeEvents,IMPLEMENTED
Dashboard,/Dashboard/GetAllHRcount,/Dashboard/GetAllHRcount,IMPLEMENTED
Dashboard,/Dashboard/GetDashboardSummary,/Dashboard/GetDashboardSummary,IMPLEMENTED
Dashboard,/Dashboard/GetLeaveStatistics,/Dashboard/GetLeaveStatistics,IMPLEMENTED
Dashboard,/Dashboard/GetAttendanceStatistics,/Dashboard/GetAttendanceStatistics,IMPLEMENTED
Employee,/Employee/DDCompany,/Employee/DDCompany,IMPLEMENTED
Employee,/Employee/DDLegalEntity,/Employee/DDLegalEntity,IMPLEMENTED
Employee,/Employee/DDAuthorisedEntity,/Employee/DDAuthorisedEntity,IMPLEMENTED
Employee,/Employee/DDBusinessUnit,/Employee/DDBusinessUnit,IMPLEMENTED
Employee,/Employee/DDLocation,/Employee/DDLocation,IMPLEMENTED
Employee,/Employee/GetAllEmployee,/Employee/GetAllEmployee,IMPLEMENTED
Employee,/Employee/GetEmployee,/Employee/GetEmployeeById,IMPLEMENTED
Employee,/Employee/AddEmployee,/Employee/SaveEmployee,IMPLEMENTED
Employee,/Employee/UpdateEmployee,/Employee/UpdateEmployee,IMPLEMENTED
Employee,/Employee/DeleteEmployee,/Employee/DeleteEmployee,IMPLEMENTED
Employee,/Employee/DDSalutation,/Employee/DDSalutation,IMPLEMENTED
Employee,/Employee/DDGender,/Employee/DDGender,IMPLEMENTED
Employee,/Employee/DDEmpType,/Employee/DDEmpType,IMPLEMENTED
Employee,/Employee/DDApprover,/Employee/DDApprover,IMPLEMENTED
Employee,/Employee/FetchEmployee,/Employee/FetchEmployee,IMPLEMENTED
Employee,/Employee/ActiveEmployee,/Employee/ActiveEmployee,IMPLEMENTED
Employee,/Employee/DeActiveEmployee,/Employee/DeActiveEmployee,IMPLEMENTED
Employee,/Employee/SelectEmployee,/Employee/SelectEmployee,IMPLEMENTED
Employee,/Employee/GetTotalEmployeeCount,/Employee/GetTotalEmployeeCount,IMPLEMENTED
Employee,/Employee/DDGetLocation,/Employee/DDGetLocation,IMPLEMENTED
Employee,/Employee/DDselectEmployee,/Employee/DDselectEmployee,IMPLEMENTED
Employee,/Employee/DashboardEmployee,/Employee/DashboardEmployee,IMPLEMENTED
Employee,/Employee/GetAllWorkType,/Employee/GetAllWorkType,IMPLEMENTED
Employee,/Employee/GetWorkType,/Employee/GetWorkType,IMPLEMENTED
Employee,/Employee/AddWorkType,/Employee/AddWorkType,IMPLEMENTED
Employee,/Employee/UpdateWorkType,/Employee/UpdateWorkType,IMPLEMENTED
Employee,/Employee/DeleteWorkType,/Employee/DeleteWorkType,IMPLEMENTED
Employee,/Employee/ApproveWorkType,/Employee/ApproveWorkType,IMPLEMENTED
Employee,/Employee/RejectWorkType,/Employee/RejectWorkType,IMPLEMENTED
Employee,/Employee/DDEmployeeApprover,/Employee/DDEmployeeApprover,IMPLEMENTED
Employee,/Employee/EmployeeAttendance,/Employee/EmployeeAttendance,IMPLEMENTED
Employee,/Employee/AttendanceFilter,/Employee/AttendanceFilter,IMPLEMENTED
Employee,/Employee/EachEmployeeAttendance,/Employee/EachEmployeeAttendance,IMPLEMENTED
Employee,/Employee/ReportingEmployeeAttendance,/Employee/ReportingEmployeeAttendance,IMPLEMENTED
Employee,/Employee/OnSiteLogin,/Employee/OnSiteLogin,IMPLEMENTED
Employee,/Employee/OnSiteLogout,/Employee/OnSiteLogout,IMPLEMENTED
Employee,/Employee/GetAllLoginLogs,/Employee/GetAllLoginLogs,IMPLEMENTED
Employee,/Employee/GetAllEmpAccDetails,/Employee/GetAllEmpAccDetails,IMPLEMENTED
Employee,/Employee/GetEmpAccDetails,/Employee/GetEmpAccDetails,IMPLEMENTED
Employee,/Employee/AddEmpAccDetails,/Employee/AddEmpAccDetails,IMPLEMENTED
Employee,/Employee/UpdateEmpAccDetails,/Employee/UpdateEmpAccDetails,IMPLEMENTED
Employee,/Employee/DeleteEmpAccDetails,/Employee/DeleteEmpAccDetails,IMPLEMENTED
Employee,/Employee/GetAllEmpCareerDetails,/Employee/GetAllEmpCareerDetails,IMPLEMENTED
Employee,/Employee/AddEmpCareerDetails,/Employee/AddEmpCareerDetails,IMPLEMENTED
Employee,/Employee/UpdateEmpCareerDetails,/Employee/UpdateEmpCareerDetails,IMPLEMENTED
Employee,/Employee/DeleteEmpCareerDetails,/Employee/DeleteEmpCareerDetails,IMPLEMENTED
Employee,/Employee/UploadImage,/Employee/UploadImage,SKELETON
Employee,/Employee/UploadFileEducation,/Employee/UploadFileEducation,SKELETON
Employee,/Employee/UploadFileGovt,/Employee/UploadFileGovt,SKELETON
Employee,/Employee/UploadFileCareer,/Employee/UploadFileCareer,SKELETON
Employee,/Employee/UploadAttendance,/Employee/UploadAttendance,SKELETON
Employee,/Employee/UploadMultiAttendance,/Employee/UploadMultiAttendance,SKELETON
Employee,/Employee/UploadSingleAttendance,/Employee/UploadSingleAttendance,SKELETON
Employee,/Employee/ERPContractAttendanceDetails,/Employee/ERPContractAttendanceDetails,SKELETON
Employee,/Employee/ERPProjectmappingDetails,/Employee/ERPProjectmappingDetails,SKELETON
Employee,/Employee/DashboardDetails,/Employee/DashboardDetails,IMPLEMENTED
Employee,/Employee/CreateShift,/Employee/CreateShift,IMPLEMENTED
Employee,/Employee/CreateCompanySetting,/Employee/CreateCompanySetting,IMPLEMENTED
Employee,/Employee/CheckHalfDayLoss,/Employee/CheckHalfDayLoss,IMPLEMENTED
Employee,/Employee/GetWorkHours,/Employee/GetWorkHours,IMPLEMENTED
Employee,/Employee/GetAllPages,/Employee/GetAllPages,IMPLEMENTED
Employee,/Employee/SubmitAccessControls,/Employee/SubmitAccessControls,IMPLEMENTED
Employee,/Employee/GetAllEmployeeContactInformation,/Employee/GetAllEmployeeContactInformation,IMPLEMENTED
Employee,/Employee/GetEmployeeContactInformation,/Employee/GetEmployeeContactInformation,IMPLEMENTED
Employee,/Employee/RelievedEmployee,/Employee/RelievedEmployee,IMPLEMENTED
Employee,/Employee/GetAttendanceSource,/Employee/GetAttendanceSource,IMPLEMENTED
Employee,/Employee/GetConsolidatedAttendanceData,/Employee/GetConsolidatedAttendanceData,IMPLEMENTED
Employee,/Employee/DDEducationDoc,/Employee/DDEducationDoc,IMPLEMENTED
Employee,/Employee/DDGovtDoc,/Employee/DDGovtDoc,IMPLEMENTED
Employee,/Employee/GetEducationDoc,/Employee/GetEducationDoc,IMPLEMENTED
Employee,/Employee/AddEducationDoc,/Employee/AddEducationDoc,IMPLEMENTED
Employee,/Employee/UpdateEducationDoc,/Employee/UpdateEducationDoc,IMPLEMENTED
Employee,/Employee/DeleteEducationDoc,/Employee/DeleteEducationDoc,IMPLEMENTED
Employee,/Employee/GetAllGovtDoc,/Employee/GetAllGovtDoc,IMPLEMENTED
Employee,/Employee/GetGovtDoc,/Employee/GetGovtDoc,IMPLEMENTED
Employee,/Employee/AddGovtDoc,/Employee/AddGovtDoc,IMPLEMENTED
Employee,/Employee/UpdateGovtDoc,/Employee/UpdateGovtDoc,IMPLEMENTED
Employee,/Employee/DeleteGovtDoc,/Employee/DeleteGovtDoc,IMPLEMENTED
Employee,/Employee/GetEmpDocuments,/Employee/GetEmpDocuments,SKELETON
Employee,/Employee/GetEmployeeTimeline,/Employee/GetEmployeeTimeline,SKELETON
Employee,/Employee/GetEmployeeStatusHistory,/Employee/GetEmployeeStatusHistory,SKELETON
Employee,/Employee/GetEmpProjects,/Employee/GetEmpProjects,SKELETON
Employee,/Employee/GetEmpEducationDetails,/Employee/GetEmpEducationDetails,SKELETON
Employee,/Employee/GetEmpAddressDetails,/Employee/GetEmpAddressDetails,SKELETON
Employee,/Employee/GetEmpPhoneDetails,/Employee/GetEmpPhoneDetails,SKELETON
Employee,/Employee/GetEmpEmergencyContacts,/Employee/GetEmpEmergencyContacts,SKELETON
Employee,/Employee/GetAllEmpRoles,/Employee/GetAllEmpRoles,SKELETON
Employee,/Employee/GetAllFinanceMaster,/Employee/GetAllFinanceMaster,SKELETON
Employee,/Employee/GetAllApproverWorkType,/Employee/GetAllApproverWorkType,SKELETON
Employee,/Employee/GetAllEducationDoc,/Employee/GetAllEducationDoc,SKELETON
Employee,/Employee/UploadProfilePicture,/Employee/UploadProfilePicture,SKELETON
Employee,/Employee/UpdateProfilePhoto,/Employee/UpdateProfilePhoto,SKELETON
Holiday,/Holiday/GetAllHoliday,/Holiday/GetAllHoliday,IMPLEMENTED
Holiday,/Holiday/GetHolidayByLocation,/Holiday/GetHolidayByLocation,IMPLEMENTED
Holiday,/Holiday/UpdateHolidayStatus,/Holiday/UpdateHolidayStatus,IMPLEMENTED
Holiday,/Holiday/GetAllHolidays,/Holiday/GetAllHolidays,IMPLEMENTED
Holiday,/Holiday/GetHolidaySummary,/Holiday/GetHolidaySummary,IMPLEMENTED
Holiday,/Holiday/AddHolidayType,/Holiday/AddHolidayType,IMPLEMENTED
Holiday,/Holiday/UpdateHolidayType,/Holiday/UpdateHolidayType,IMPLEMENTED
Holiday,/Holiday/DeleteHolidayType,/Holiday/DeleteHolidayType,IMPLEMENTED
Holiday,/Holiday/GetHolidayType,/Holiday/GetHolidayType,IMPLEMENTED
Holiday,/Holiday/GetHolidayCount,/Holiday/GetHolidayCount,IMPLEMENTED
Leave,/Leave/GetAllLeaveType,/Leave/GetAllLeaveType,IMPLEMENTED
Leave,/Leave/GetLeaveType,/Leave/GetLeaveType,IMPLEMENTED
Leave,/Leave/AddLeaveType,/Leave/AddLeaveType,IMPLEMENTED
Leave,/Leave/UpdateLeaveType,/Leave/UpdateLeaveType,IMPLEMENTED
Leave,/Leave/DeleteLeaveType,/Leave/DeleteLeaveType,IMPLEMENTED
Leave,/Leave/ActivateLeaveType,/Leave/ActivateLeaveType,IMPLEMENTED
Leave,/Leave/DeactivateLeaveType,/Leave/DeactivateLeaveType,IMPLEMENTED
Leave,/Leave/DDLeaveType,/Leave/DDLeaveType,IMPLEMENTED
Leave,/Leave/DDApproveManager,/Leave/DDApproveManager,IMPLEMENTED
Leave,/Leave/CompOffLeave,/Leave/CompOffLeave,IMPLEMENTED
Leave,/Leave/CompOffHours,/Leave/CompOffHours,IMPLEMENTED
Leave,/Leave/GetAllEmpCompOffLeave,/Leave/GetAllEmpCompOffLeave,IMPLEMENTED
Leave,/Leave/GetAllCompOffLeave,/Leave/GetAllCompOffLeave,IMPLEMENTED
Leave,/Leave/ApproveCompOff,/Leave/ApproveCompOff,IMPLEMENTED
Leave,/Leave/RejectCompOff,/Leave/RejectCompOff,IMPLEMENTED
Leave,/Leave/DraftLeave,/Leave/DraftLeave,IMPLEMENTED
Leave,/Leave/ApplyLeave,/Leave/ApplyLeave,IMPLEMENTED
Leave,/Leave/DraftApplyLeave,/Leave/DraftApplyLeave,IMPLEMENTED
Leave,/Leave/WithDrawLeave,/Leave/WithDrawLeave,IMPLEMENTED
Leave,/Leave/CancelLeave,/Leave/CancelLeave,IMPLEMENTED
Leave,/Leave/DeleteDraftLeave,/Leave/DeleteDraftLeave,IMPLEMENTED
Leave,/Leave/GetAllLeave,/Leave/GetAllLeave,IMPLEMENTED
Leave,/Leave/GetAllApplyManagerLeave,/Leave/GetAllApplyManagerLeave,IMPLEMENTED
Leave,/Leave/GetAllManagerLeave,/Leave/GetAllManagerLeave,IMPLEMENTED
Leave,/Leave/ApproveLeaveByManager,/Leave/ApproveLeaveByManager,IMPLEMENTED
Leave,/Leave/RejectLeaveByManager,/Leave/RejectLeaveByManager,IMPLEMENTED
Leave,/Leave/GetAllApplyHRLeave,/Leave/GetAllApplyHRLeave,IMPLEMENTED
Leave,/Leave/GetAllHRLeave,/Leave/GetAllHRLeave,IMPLEMENTED
Leave,/Leave/ApproveLeaveByHR,/Leave/ApproveLeaveByHR,IMPLEMENTED
Leave,/Leave/RejectLeaveByHR,/Leave/RejectLeaveByHR,IMPLEMENTED
Leave,/Leave/GetLeaveBalance,/Leave/GetLeaveBalance,IMPLEMENTED
Leave,/Leave/LeaveRequestCount,/Leave/LeaveRequestCount,IMPLEMENTED
Leave,/Leave/LeaveRequestList,/Leave/LeaveRequestList,IMPLEMENTED
Login,/Login/UserName,/Login/Login,IMPLEMENTED
Login,/Login/ChangePassword,/Login/ChangePassword,IMPLEMENTED
Login,/Login/ForgotPassword,/Login/ForgotPassword,IMPLEMENTED
Notification,/Notification/CreateNotification,/Notification/CreateNotification,IMPLEMENTED
Notification,/Notification/GetAllNotifications,/Notification/GetAllNotifications,IMPLEMENTED
Notification,/Notification/MarkAsRead,/Notification/MarkAsRead,IMPLEMENTED
Notification,/Notification/DeleteNotification,/Notification/DeleteNotification,IMPLEMENTED
Notification,/Notification/GetMyNotifications,/Notification/GetMyNotifications,IMPLEMENTED
Notification,/Notification/GetUnreadCount,/Notification/GetUnreadCount,IMPLEMENTED
Notification,/Notification/GetNotificationHistory,/Notification/GetNotificationHistory,IMPLEMENTED
Notification,/Notification/MarkAllAsRead,/Notification/MarkAllAsRead,IMPLEMENTED
Notification,/Notification/MarkMultipleAsRead,/Notification/MarkMultipleAsRead,IMPLEMENTED
Notification,/Notification/CleanupOldNotifications,/Notification/CleanupOldNotifications,IMPLEMENTED
Notification,/Notification/ToggleStar,/Notification/ToggleStar,IMPLEMENTED
Notification,/Notification/GetNotificationsByDateRange,/Notification/GetNotificationsByDateRange,IMPLEMENTED
Payroll,/Payroll/DDPayrollSymbols,/Payroll/DDPayrollSymbols,IMPLEMENTED
Payroll,/Payroll/DDPayrollFrequency,/Payroll/DDPayrollFrequency,IMPLEMENTED
Payroll,/Payroll/DDPayrollPayoutType,/Payroll/DDPayrollPayoutType,IMPLEMENTED
Payroll,/Payroll/GetAllPayrollPayoutType,/Payroll/GetAllPayrollPayoutType,IMPLEMENTED
Payroll,/Payroll/GetPayrollPayoutType,/Payroll/GetPayrollPayoutType,IMPLEMENTED
Payroll,/Payroll/AddPayrollPayoutType,/Payroll/AddPayrollPayoutType,IMPLEMENTED
Payroll,/Payroll/UpdatePayrollPayoutType,/Payroll/UpdatePayrollPayoutType,IMPLEMENTED
Payroll,/Payroll/DeletePayrollPayoutType,/Payroll/DeletePayrollPayoutType,IMPLEMENTED
Payroll,/Payroll/ActivatePayrollPayoutType,/Payroll/ActivatePayrollPayoutType,IMPLEMENTED
Payroll,/Payroll/DeactivatePayrollPayoutType,/Payroll/DeactivatePayrollPayoutType,IMPLEMENTED
Payroll,/Payroll/DDPayrollSegment,/Payroll/DDPayrollSegment,IMPLEMENTED
Payroll,/Payroll/GetAllPayrollPayoutTypeSegment,/Payroll/GetAllPayrollPayoutTypeSegment,IMPLEMENTED
Payroll,/Payroll/GetAllPayrollSegment,/Payroll/GetAllPayrollSegment,IMPLEMENTED
Payroll,/Payroll/GetPayrollSegment,/Payroll/GetPayrollSegment,IMPLEMENTED
Payroll,/Payroll/AddPayrollSegment,/Payroll/AddPayrollSegment,IMPLEMENTED
Payroll,/Payroll/UpdatePayrollSegment,/Payroll/UpdatePayrollSegment,IMPLEMENTED
Payroll,/Payroll/DeletePayrollSegment,/Payroll/DeletePayrollSegment,IMPLEMENTED
Payroll,/Payroll/DDPayrollEmpList,/Payroll/DDPayrollEmpList,IMPLEMENTED
Payroll,/Payroll/DDPayrollComponent,/Payroll/DDPayrollComponent,IMPLEMENTED
Payroll,/Payroll/AddComponent,/Payroll/AddComponent,IMPLEMENTED
Payroll,/Payroll/GetAllComponentDetails,/Payroll/GetAllComponentDetails,IMPLEMENTED
Payroll,/Payroll/EmpCTCCalculation,/Payroll/EmpCTCCalculation,IMPLEMENTED
Payroll,/Payroll/EmpPayslipGeneration,/Payroll/EmpPayslipGeneration,IMPLEMENTED
Payroll,/Payroll/DDPayslipSection,/Payroll/DDPayslipSection,IMPLEMENTED
Payroll,/Payroll/GetPayslipSection,/Payroll/GetPayslipSection,IMPLEMENTED
Payroll,/Payroll/AddPayslipSection,/Payroll/AddPayslipSection,IMPLEMENTED
Payroll,/Payroll/UpdatePayslipSection,/Payroll/UpdatePayslipSection,IMPLEMENTED
Payroll,/Payroll/DeletePayslipSection,/Payroll/DeletePayslipSection,IMPLEMENTED
Payroll,/Payroll/GetAllPayslipSectionComponent,/Payroll/GetAllPayslipSectionComponent,IMPLEMENTED
Payroll,/Payroll/GetPayslipSectionComponent,/Payroll/GetPayslipSectionComponent,IMPLEMENTED
Payroll,/Payroll/AddPayslipSectionComponent,/Payroll/AddPayslipSectionComponent,IMPLEMENTED
Payroll,/Payroll/UpdatePayslipSectionComponent,/Payroll/UpdatePayslipSectionComponent,IMPLEMENTED
Payroll,/Payroll/DeletePayslipSectionComponent,/Payroll/DeletePayslipSectionComponent,IMPLEMENTED
Payroll,/Payroll/GetAllEmployeeSalaryDetails,/Payroll/GetAllEmployeeSalaryDetails,IMPLEMENTED
Payroll,/Payroll/GetEmployeeSalaryDetails,/Payroll/GetEmployeeSalaryDetails,IMPLEMENTED
Payroll,/Payroll/AddEmployeeSalaryDetails,/Payroll/AddEmployeeSalaryDetails,IMPLEMENTED
Payroll,/Payroll/UpdateEmployeeSalaryDetails,/Payroll/UpdateEmployeeSalaryDetails,IMPLEMENTED
Payroll,/Payroll/DeleteEmployeeSalaryDetails,/Payroll/DeleteEmployeeSalaryDetails,IMPLEMENTED
Payroll,/Payroll/GetAllPayoutMappingMaster,/Payroll/GetAllPayoutMappingMaster,IMPLEMENTED
Payroll,/Payroll/GetPayoutMappingMaster,/Payroll/GetPayoutMappingMaster,IMPLEMENTED
Payroll,/Payroll/AddPayoutMappingMaster,/Payroll/AddPayoutMappingMaster,IMPLEMENTED
Payroll,/Payroll/UpdatePayoutMappingMaster,/Payroll/UpdatePayoutMappingMaster,IMPLEMENTED
Payroll,/Payroll/DeletePayoutMappingMaster,/Payroll/DeletePayoutMappingMaster,IMPLEMENTED
Payroll,/Payroll/PayrollReportforALL,/Payroll/PayrollReportforALL,IMPLEMENTED
Payroll,/Payroll/DDLegalEntity,/Payroll/DDLegalEntity,IMPLEMENTED
Payroll,/Payroll/DDLocation,/Payroll/DDLocation,IMPLEMENTED
Payroll,/Payroll/GetPayrollComponents,/Payroll/GetPayrollComponents,IMPLEMENTED
Payroll,/Payroll/CalculatePayroll,/Payroll/CalculatePayroll,IMPLEMENTED
Payroll,/Payroll/GeneratePayslip,/Payroll/GeneratePayslip,IMPLEMENTED
Payroll,/Payroll/GetPayslipByEmployee,/Payroll/GetPayslipByEmployee,IMPLEMENTED
Payroll,/Payroll/ProcessPayroll,/Payroll/ProcessPayroll,IMPLEMENTED
Performance,/Performance/GetAllGoal,/Performance/GetAllGoal,IMPLEMENTED
Performance,/Performance/GetGoal,/Performance/GetGoal,IMPLEMENTED
Performance,/Performance/AddGoal,/Performance/AddGoal,IMPLEMENTED
Performance,/Performance/UpdateGoal,/Performance/UpdateGoal,IMPLEMENTED
Performance,/Performance/DeleteGoal,/Performance/DeleteGoal,IMPLEMENTED
Performance,/Performance/GetAllKPI,/Performance/GetAllKPI,IMPLEMENTED
Performance,/Performance/GetKPI,/Performance/GetKPI,IMPLEMENTED
Performance,/Performance/AddKPI,/Performance/AddKPI,IMPLEMENTED
Performance,/Performance/UpdateKPI,/Performance/UpdateKPI,IMPLEMENTED
Performance,/Performance/DeleteKPI,/Performance/DeleteKPI,IMPLEMENTED
Performance,/Performance/GetAllAppraisal,/Performance/GetAllAppraisal,IMPLEMENTED
Performance,/Performance/GetAppraisal,/Performance/GetAppraisal,IMPLEMENTED
Performance,/Performance/AddAppraisal,/Performance/AddAppraisal,IMPLEMENTED
Performance,/Performance/UpdateAppraisal,/Performance/UpdateAppraisal,IMPLEMENTED
Performance,/Performance/DeleteAppraisal,/Performance/DeleteAppraisal,IMPLEMENTED
Performance,/Performance/AppraisalStatus,/Performance/AppraisalStatus,IMPLEMENTED
Performance,/Performance/GetAllBehaviouralGoal,/Performance/GetAllBehaviouralGoal,IMPLEMENTED
Shift,/Shift/GetAllShift,/Shift/GetAllShift,IMPLEMENTED
Shift,/Shift/GetShift,/Shift/GetShift,IMPLEMENTED
Shift,/Shift/AddShift,/Shift/AddShift,IMPLEMENTED
Shift,/Shift/UpdateShift,/Shift/UpdateShift,IMPLEMENTED
Shift,/Shift/DeleteShift,/Shift/DeleteShift,IMPLEMENTED
Shift,/Shift/GetAllShiftGrouping,/Shift/GetAllShiftGrouping,IMPLEMENTED
Shift,/Shift/AddShiftGrouping,/Shift/AddShiftGrouping,IMPLEMENTED
Shift,/Shift/DDShift,/Shift/DDShift,IMPLEMENTED
Shift,/Shift/GetAllShiftEmployee,/Shift/GetAllShiftEmployee,IMPLEMENTED
Shift,/Shift/AddShiftEmployee,/Shift/AddShiftEmployee,IMPLEMENTED
Shift,/Shift/RemoveShiftEmployee,/Shift/RemoveShiftEmployee,IMPLEMENTED
Shift,/Shift/CreateShift,/Shift/CreateShift,IMPLEMENTED
Shift,/Shift/GetShiftByEmployee,/Shift/GetShiftByEmployee,IMPLEMENTED
Shift,/Shift/AssignShift,/Shift/AssignShift,IMPLEMENTED
Visitor,/Visitor/GetAllVisitor,/Visitor/GetAllVisitor,IMPLEMENTED
Visitor,/Visitor/GetVisitor,/Visitor/GetVisitor,IMPLEMENTED
Visitor,/Visitor/AddVisitor,/Visitor/AddVisitor,IMPLEMENTED
Visitor,/Visitor/UpdateVisitor,/Visitor/UpdateVisitor,IMPLEMENTED
Visitor,/Visitor/DeleteVisitor,/Visitor/DeleteVisitor,IMPLEMENTED
Visitor,/Visitor/ApproveVisitor,/Visitor/ApproveVisitor,IMPLEMENTED
Visitor,/Visitor/RejectVisitor,/Visitor/RejectVisitor,IMPLEMENTED
Visitor,/Visitor/CheckInVisitor,/Visitor/CheckInVisitor,IMPLEMENTED
Visitor,/Visitor/CheckOutVisitor,/Visitor/CheckOutVisitor,IMPLEMENTED
Visitor,/Visitor/GetVisitorHistory,/Visitor/GetVisitorHistory,IMPLEMENTED
Visitor,/Visitor/DDVisitorType,/Visitor/DDVisitorType,IMPLEMENTED
WFHLogin,/WFHLogin/Login,/WFHLogin/Login,IMPLEMENTED
WFHLogin,/WFHLogin/LogOut,/WFHLogin/LogOut,IMPLEMENTED
WFHLogin,/WFHLogin/GetAllWFHDetails,/WFHLogin/GetAllWFHDetails,IMPLEMENTED
WFHLogin,/WFHLogin/GetAllWFHAnalysis,/WFHLogin/GetAllWFHAnalysis,IMPLEMENTED
WFHLogin,/WFHLogin/GetAllWFHFilterDetails,/WFHLogin/GetAllWFHFilterDetails,IMPLEMENTED
WFHLogin,/WFHLogin/SaveWFHAnalysis,/WFHLogin/SaveWFHAnalysis,IMPLEMENTED
WFHLogin,/WFHLogin/WFHEmpList,/WFHLogin/WFHEmpList,IMPLEMENTED
WFHLogin,/WFHLogin/GetAllWFHDays,/WFHLogin/GetAllWFHDays,IMPLEMENTED
WFHLogin,/WFHLogin/ViewScreenShots,/WFHLogin/ViewScreenShots,IMPLEMENTED